Test Date:,Fri Dec 13 2024 12:17:24 

Game Title:, 
Iterations:,700000

Bet:,1
Total Bet:,700000
Total Payout:,447955.20000030263

Variance:,0
Standard Deviation:,0

Game RTP:,63.6587
Base Game RTP:,43.688871428577166
Free Spins RTP:,0,,Free Spins Hfq:,Infinity

Max Win Amount by Round:,108

Base Game Reelset Stats 
Base Game Hit Frq:,2.716178724560076

Base Game Symbols Stats:

Base Game Symbols Hits 
Symbols: , x3,x4,x5 

Base Game Symbols Wins 
Symbols: , x3,x4,x5 

Base Game Symbols RTP 
Symbols: , x3,x4,x5 

Base Game Symbols HitFrq 
Symbols: , x3,x4,x5 

Free Spins Overall Stats
Free Spins Triggered:,0
Free Spins Stats:

Free Spins Summary All Types 
Free Spins Symbols Hits  
Symbols: , x3,x4,x5 

Free Spins Symbols Wins  
Symbols: , x3,x4,x5 

Free Spins Symbols RTP 
Symbols: , x3,x4,x5 

Free Spins Symbols HitFrq 
Symbols: , x3,x4,x5 

Free Spins Multi Boost Stats 

